{"iter": 0, "train/loss": 2.782116174697876, "val/loss": 1.9314281940460205, "lr": 0.0, "mfu": -100.0, "_timestamp": 1690279374.0870469, "_runtime": 36.75903391838074, "_step": 0, "_wandb": {"runtime": 1720}}